{
    "suc": true,
    "loss": 623.9854978553267,
    "param": {
        "kappa": -5.741079262981667,
        "nu": 1.0,
        "rho": 0.9714807230118607,
        "theta": -0.06995285013446867,
        "X_0": 0.2033886906294998,
        "c": [
            0.00581544859614297,
            0.006291016742457758,
            0.012358607277440899,
            0.005258016436107704,
            0.05261718968547618,
            0.04767847537874797,
            0.09552357002491416,
            0.09287525814574298,
            0.008354336875286784,
            0.013264067215369862
        ],
        "gamma": [
            1.5705349751070807,
            3.753670320505006,
            8.42519730831487,
            8.705010417836975,
            3.7753295527055943,
            6.124365889937913,
            0.88109784914571,
            7.011818919498007,
            6.234030833542006,
            4.372789977906521
        ]
    }
}