{
  "FBM Kernal Result": {
    "parameters": {
      "kappa": 0.00842271,
      "nu": 0.12275754,
      "rho": 0.84508075,
      "X_0": -0.02704256,
      "theta": 0.16772171,
      "H": 0.09164193
    },
    "loss": 624.1231028182746
  },

  "Exp Kernal Result": {
    "Parameters": {
      "kappa": 8.9e-5,
      "nu": 0.176,
      "rho": -0.704,
      "theta": -0.044,
      "X_0": 0.113,
      "c": [
        0.19223077921030873, 0.844657126157258, 0.14416721295983836,
        0.5593741154422858, 0.3431699607456564, 0.9747240441455536,
        0.31644582814017896, 0.740142507873125, 0.27739371891414677,
        0.37932707210482663
      ],
      "gamma": [
        4.329116416820536, 2.3316789456331923, 4.404837751674577,
        1.063948220469808, 7.703430140157427, 8.290848926757759,
        0.9247455236917623, 8.768241141022928, 3.6150345537090622,
        3.831929658380232
      ]
    },
    "loss": 885.052721
  }
}
