{
  "suc": true,
  "loss": 623.56945207751,
  "param": {
    "kappa": -0.1049372973473663,
    "nu": 0.13931887847370367,
    "rho": 0.882707588199046,
    "theta": 0.045458243066419095,
    "X_0": -0.15315794235924188,
    "H": 0.0861635888914558
  }
}