{
  "suc": true,
  "loss": 625.4017950176429,
  "param": {
    "kappa": -0.10352952566675645,
    "nu": 0.1391463028475675,
    "rho": 0.8586728281068526,
    "theta": 0.05358393192709938,
    "X_0": -0.1422893535848579,
    "H": 0.08516616705083475
  }
}
