{
  "suc": false,
  "loss": 2.336131083279307,
  "param": {
    "kappa": -0.010063701591869777,
    "nu": 1.0,
    "rho": -0.6994107947269883,
    "theta": -0.053953911215673105,
    "X_0": 0.10305596956429072,
    "c": [
      0.00581544859614297,
      0.006291016742457758,
      0.012358607277440899,
      0.005258016436107704,
      0.05261718968547618,
      0.04767847537874797,
      0.09552357002491416,
      0.09287525814574298,
      0.008354336875286784,
      0.013264067215369862
    ],
    "gamma": [
      1.5705349751070807,
      3.753670320505006,
      8.42519730831487,
      8.705010417836975,
      3.7753295527055943,
      6.124365889937913,
      0.88109784914571,
      7.011818919498007,
      6.234030833542006,
      4.372789977906521
    ]
  }
}